metric,baseline,planner,absolute_delta,relative_improvement
best_stage6_short_eval_latency,565.5723032376899,565.358776442652,-0.21352679503786476,0.0003775411098024138
mean_latency,597.130677398548,607.5416190845111,10.410941685963166,-0.01743494695552964
p90_latency,705.2089702465798,722.1437086718491,16.934738425269302,-0.02401378760021726
worst_latency,934.6351823605271,922.5653581066356,-12.069824253891511,0.012913941697987232
mean_reward,-597.130677398548,-607.5416190845111,-10.410941685963166,-0.01743494695552964
deployment_density,0.31829427427146584,0.32070312777068466,0.0024088534992188215,0.007568007639258902
deployment_switch_proxy,0.43105468549765646,0.43567708134651184,0.004622395848855376,-0.010723455757170994
