{
  "mean_latency": 607.5416190845111,
  "p90_latency": 722.1437086718491,
  "worst_latency": 922.5653581066356,
  "mean_reward": -607.5416190845111,
  "deployment_density": 0.32070312777068466,
  "deployment_switch_proxy": 0.43567708134651184,
  "episodes": 256,
  "seed_base": 80000,
  "seed_count": 4
}