metric,baseline,planner,absolute_delta,relative_improvement
best_stage6_short_eval_latency,184.04284143295607,184.04284143295607,0.0,0.0
mean_latency,278.3200082352346,278.3200082352346,0.0,0.0
p90_latency,318.6271584652509,318.6271584652509,0.0,0.0
worst_latency,331.8416010438106,331.8416010438106,0.0,0.0
mean_reward,-278.32000823523447,-278.32000823523447,0.0,0.0
deployment_density,0.5520833432674408,0.5520833432674408,0.0,0.0
deployment_switch_proxy,0.3125,0.3125,0.0,0.0
