seed,seed_index,episode,global_episode,total_reward,mean_window_latency,num_tasks,deployment_density,deployment_switch_proxy
71000,0,0,0,-331.84160104381056,331.8416010438106,24,0.5833333134651184,0.5416666865348816
71000,0,1,1,-256.2767995682879,256.27679956828797,24,0.5416666865348816,0.125
71001,1,0,2,-237.36817321356128,237.36817321356136,24,0.5416666865348816,0.5833333134651184
71001,1,1,3,-287.7934591152782,287.7934591152782,24,0.5416666865348816,0.0
