seed,seed_index,episode,global_episode,total_reward,mean_window_latency,num_tasks,deployment_density,deployment_switch_proxy
70000,0,0,0,-232.45153226667463,232.45153226667472,24,0.5833333134651184,0.625
70000,0,1,1,-248.02767744749528,248.02767744749536,24,0.5416666865348816,0.0416666679084301
70000,0,2,2,-227.9600876142156,227.96008761421564,24,0.5416666865348816,0.0833333358168602
70000,0,3,3,-241.38966539689085,241.3896653968909,24,0.5416666865348816,0.1666666716337204
70001,1,0,4,-213.21525995265966,213.21525995265966,24,0.5416666865348816,0.5
70001,1,1,5,-237.9820042182426,237.9820042182426,24,0.5416666865348816,0.0833333358168602
70001,1,2,6,-239.4334329473981,239.43343294739805,24,0.4583333432674408,0.25
70001,1,3,7,-213.98158442821804,213.981584428218,24,0.5,0.2083333283662796
